{"yb1": -0.013458646616541354, "yb2": -0.020104242811890837, "theta_b1": -0.25704121636194827, "theta_b2": -0.7028470759897023}