{"yb1": -0.013458646616541354, "yb2": -0.020104242811890837}