{"yb1": -13.458646616541355, "theta_b1": -0.2570412163619483, "yb2": 31.894188596491222, "theta_b2": 0.2834816539825133}